fname,lname,email,gender,dob,mnumber,address,city,state,pincode,country
pankaj1,kumar1,tubruhillicrau-4599@yopmail.com,1,2000/07/23,906819201,india,up,up,202020,in
pankaj2,kumar2,quennocracroimma-9765@yopmail.com,1,2000/07/24,906819201,india,up,up,202020,in
pankaj3,kumar3,tracrogreffibo-4900@yopmail.com,1,2000/07/25,906819201,india,up,up,202020,in
pankaj4,kumar4,xauquetahema-2963@yopmail.com,1,2000/07/26,906819201,india,up,up,202020,in
pankaj5,kumar5,zasicromeuti-3178@yopmail.com,1,2000/07/27,906819201,india,up,up,202020,in
pankaj6,kumar6,kiyogronouwei-5394@yopmail.com,1,2000/07/28,906819201,india,up,up,202020,in
pankaj7,kumar7,toicottuqueutto-1325@yopmail.com,1,2000/07/29,906819201,india,up,up,202020,in
pankaj8,kumar8,doitteitauyoippei-2932@yopmail.com,1,2000/07/30,906819201,india,up,up,202020,in
pankaj9,kumar9,grasufrinane-8307@yopmail.com,1,2000/07/31,906819201,india,up,up,202020,in