fname,lname,email,gender,dob,mnumber,address,city,state,pincode,country
pankaj1,kumar1,doitteitauyoippei-29326g@yopmail.com,1,2000/07/23,906819201,india,up,up,202020,in
pankaj2,kumar2,quennocracroimma-976vf5@yopmail.com,1,2000/07/24,906819201,india,up,up,202020,in
pankaj3,kumar3,tracrogreffibo-4f900@yopmail.com,1,2000/07/25,906819201,india,up,up,202020,in
pankaj4,kumar4,xauquetahema-2963f@yopmail.com,1,2000/07/26,906819201,india,up,up,202020,in
pankaj5,kumar5,zasicromeuti-3f178@yopmail.com,1,2000/07/27,906819201,india,up,up,202020,in
pankaj6,kumar6,kiyogronouwei-5c394@yopmail.com,1,2000/07/28,906819201,india,up,up,202020,in
pankaj7,kumar7,toicottuqueutto-13c25@yopmail.com,1,2000/07/29,906819201,india,up,up,202020,in
pankaj8,kumar8,toicottuqueutto-1f3c25@yopmail.com,1,2000/07/30,906819201,india,up,up,202020,in
pankaj9,kumar9,grasufrinane-8301g7@yopmail.com,1,2000/07/31,906819201,india,up,up,202020,in