fname,lname,email,gender,dob,mnumber,address,city,state,pincode,country
pankaj1,kumar1,xihewoiprazo-3431@yopmail.com,male,2000/07/23,906819201,india,up,up,202020,in
pankaj2,kumar2,nawegrahere-9898@yopmail.com,male,2000/07/24,906819201,india,up,up,202020,in
pankaj3,kumar3,xaxomimagre-5152@yopmail.com,male,2000/07/25,906819201,india,up,up,202020,in
pankaj4,kumar4,jeihiwauttesse-4704@yopmail.com,male,2000/07/26,906819201,india,up,up,202020,in
pankaj5,kumar5,loutallohaci-8764@yopmail.com,male,2000/07/27,906819201,india,up,up,202020,in
pankaj6,kumar6,grunipputtittau-6898@yopmail.com,male,2000/07/28,906819201,india,up,up,202020,in
pankaj7,kumar7,cifaprossisi-5346@yopmail.com,male,2000/07/29,906819201,india,up,up,202020,in
pankaj8,kumar8,koimmifoiheini-3177@yopmail.com,male,2000/07/30,906819201,india,up,up,202020,in
pankaj9,kumar9,risoupaddauju-4040@yopmail.com,male,2000/07/31,906819201,india,up,up,202020,in
pankaj10,kumar10,jeppoiceitikou-6982@yopmail.com,male,2000/08/01,906819201,india,up,up,202020,in
pankaj11,kumar11,queillekaudeiffei-2938@yopmail.com,male,2000/08/02,906819201,india,up,up,202020,in