fname,lname,email,gender,dob,address,mnumber,city,state,pincode,country
Pankaj1,kumar1,pankdaj@gmail.com,male,1997/12/12,noida,9006819201,noida,up,2010113,in
Pankaj2,kumar2,pandfkaj@gmail.com,male,1997/12/13,noida,9006819201,noida,up,2010113,in
Pankaj3,kumar3,pank6aj@gmail.com,male,1997/12/14,noida,9006819201,noida,up,2010113,in
Pankaj4,kumar4,panka8j@gmail.com,male,1997/12/15,noida,9006819201,noida,up,2010113,in
Pankaj5,kumar5,panka0j@gmail.com,male,1997/12/16,noida,9006819201,noida,up,2010113,in
Pankaj6,kumar6,panka3j@gmail.com,male,1997/12/17,noida,9006819201,noida,up,2010113,in
Pankaj7,kumar7,pank7aj@gmail.com,male,1997/12/18,noida,9006819201,noida,up,2010113,in
Pankaj8,kumar8,pank98aj@gmail.com,male,1997/12/19,noida,9006819201,noida,up,2010113,in
Pankaj9,kumar9,pank876aj@gmail.com,male,1997/12/20,noida,9006819201,noida,up,2010113,in