fname,lname,email,gender,dob,mnumber,address,city,state,pincode,country
pankaj1,kumar1,prunaquazusso-5401@yopmail.com,male,2000/07/23,906819201,india,up,up,202020,in
pankaj2,kumar2,gussebrobreullu-9179@yopmail.com,male,2000/07/24,906819201,india,up,up,202020,in
pankaj3,kumar3,prudepraulleiva-8012@yopmail.com,male,2000/07/25,906819201,india,up,up,202020,in
pankaj4,kumar4,frewapejeido-7100@yopmail.com,male,2000/07/26,906819201,india,up,up,202020,in
pankaj5,kumar5,groropokautre-3049@yopmail.com,male,2000/07/27,906819201,india,up,up,202020,in
pankaj6,kumar6,geureyabrutro-2420@yopmail.com,male,2000/07/28,906819201,india,up,up,202020,in
pankaj7,kumar7,frewerijuffo-3623@yopmail.com,male,2000/07/29,906819201,india,up,up,202020,in
pankaj8,kumar8,watidducrila-4608@yopmail.com,male,2000/07/30,906819201,india,up,up,202020,in
pankaj9,kumar9,cruvasauveupi-2448@yopmail.com,male,2000/07/31,906819201,india,up,up,202020,in
pankaj10,kumar10,moullarokabre-7929@yopmail.com,male,2000/08/01,906819201,india,up,up,202020,in
pankaj11,kumar11,meiyahuffafrei-9443@yopmail.com,male,2000/08/02,906819201,india,up,up,202020,in