fname,lname,email,gender,dob,address,mnumber,city,state,pincode,country
Pankaj1,kumar1,pankaj@gmail.com,male,20/11/1997,noida,9006819201,noida,up,2010113,in
Pankaj2,kumar2,pankaj@gmail.com,male,21/11/1997,noida,9006819201,noida,up,2010113,in
Pankaj3,kumar3,pankaj@gmail.com,male,22/11/1997,noida,9006819201,noida,up,2010113,in
Pankaj4,kumar4,pankaj@gmail.com,male,23/11/1997,noida,9006819201,noida,up,2010113,in
Pankaj5,kumar5,pankaj@gmail.com,male,24/11/1997,noida,9006819201,noida,up,2010113,in
Pankaj6,kumar6,pankaj@gmail.com,male,25/11/1997,noida,9006819201,noida,up,2010113,in
Pankaj7,kumar7,pankaj@gmail.com,male,26/11/1997,noida,9006819201,noida,up,2010113,in
Pankaj8,kumar8,pankaj@gmail.com,male,27/11/1997,noida,9006819201,noida,up,2010113,in
Pankaj9,kumar9,pankaj@gmail.com,male,28/11/1997,noida,9006819201,noida,up,2010113,in