fname,lname,email,gender,dob,mnumber,address,city,state,pincode,country
pankaj1,kumar1,quouxocridobra-9875@yopmail.com,male,2000/07/23,906819201,india,up,up,202020,in
pankaj2,kumar2,quouxocridobra-9875@yopmail.com,male,2000/07/24,906819201,india,up,up,202020,in
pankaj3,kumar3,quouxocridobra-9875@yopmail.com,male,2000/07/25,906819201,india,up,up,202020,in
pankaj4,kumar4,quouxocridobra-9875@yopmail.com,male,2000/07/26,906819201,india,up,up,202020,in
pankaj5,kumar5,quouxocridobra-9875@yopmail.com,male,2000/07/27,906819201,india,up,up,202020,in
pankaj6,kumar6,quouxocridobra-9875@yopmail.com,male,2000/07/28,906819201,india,up,up,202020,in
pankaj7,kumar7,quouxocridobra-9875@yopmail.com,male,2000/07/29,906819201,india,up,up,202020,in
pankaj8,kumar8,quouxocridobra-9875@yopmail.com,male,2000/07/30,906819201,india,up,up,202020,in
pankaj9,kumar9,quouxocridobra-9875@yopmail.com,male,2000/07/31,906819201,india,up,up,202020,in
pankaj10,kumar10,quouxocridobra-9875@yopmail.com,male,2000/08/01,906819201,india,up,up,202020,in
pankaj11,kumar11,quouxocridobra-9875@yopmail.com,male,2000/08/02,906819201,india,up,up,202020,in